-6.283185308,-8.20413714061324e-10
-6.273185308,0.00999983251379376
-6.263185308,0.019998665873083
-6.253185308,0.0299954993824505
-6.243185308,0.0399893333668758
-6.233185308,0.0499791684512889
-6.223185308,0.0599640056605059
-6.213185308,0.0699428465191268
-6.203185308,0.0799146931513812
-6.193185308,0.0898785483809159
-6.183185308,0.099833415830511
-6.173185308,0.109778300021717
-6.163185308,0.119712206474403
-6.153185308,0.129634141806201
-6.143185308,0.139543113831847
-6.133185308,0.149438131662395
-6.123185308,0.159318205804308
-6.113185308,0.169182348258405
-6.103185308,0.179029572618662
-6.093185308,0.188858894170847
-6.083185308,0.198669329990997
-6.073185308,0.208459899043705
-6.063185308,0.218229622280225
-6.05318530800001,0.227977522736374
-6.04318530800001,0.237702625630231
-6.03318530800001,0.247403958459609
-6.02318530800001,0.25708055109931
-6.01318530800001,0.266731435898135
-6.00318530800001,0.276355647775645
-5.99318530800001,0.285952224318673
-5.98318530800001,0.295520205877562
-5.97318530800001,0.30505863566213
-5.96318530800001,0.314566559837346
-5.95318530800001,0.324043027618716
-5.94318530800001,0.333487091367359
-5.93318530800001,0.34289780668477
-5.92318530800001,0.35227423250726
-5.91318530800001,0.361615431200061
-5.90318530800001,0.370920468651086
-5.89318530800001,0.380188414364346
-5.88318530800001,0.389418341552992
-5.87318530800001,0.398609327231996
-5.86318530800001,0.407760452310451
-5.85318530800001,0.416870801683474
-5.84318530800001,0.42593946432372
-5.83318530800001,0.434965533372482
-5.82318530800001,0.443948106230377
-5.81318530800001,0.452886284647604
-5.80318530800001,0.461779174813771
-5.79318530800001,0.470625887447271
-5.78318530800001,0.479425537884213
-5.77318530800001,0.488177246166886
-5.76318530800001,0.496880137131756
-5.75318530800001,0.505533340496978
-5.74318530800001,0.514135990949427
-5.73318530800001,0.522687228231226
-5.72318530800001,0.531186197225774
-5.71318530800001,0.539632048043252
-5.70318530800001,0.548023936105618
-5.69318530800001,0.556361022231058
-5.68318530800001,0.564642472717908
-5.67318530800001,0.57286745942802
-5.66318530800001,0.581035159869577
-5.65318530800001,0.589144757279342
-5.64318530800001,0.597195440704331
-5.63318530800001,0.60518640508291
-5.62318530800001,0.613116851325302
-5.61318530800001,0.62098598639349
-5.60318530800001,0.628793023380526
-5.59318530800001,0.636537181589216
-5.58318530800002,0.644217686610193
-5.57318530800002,0.651833770399355
-5.56318530800002,0.65938467135467
-5.55318530800002,0.666869634392335
-5.54318530800002,0.674287911022284
-5.53318530800002,0.681638759423035
-5.52318530800002,0.688921444515874
-5.51318530800002,0.696135238038361
-5.50318530800002,0.703279418617155
-5.49318530800002,0.710353271840152
-5.48318530800002,0.717356090327923
-5.47318530800002,0.724287173804457
-5.46318530800002,0.73114582916718
-5.45318530800002,0.737931370556273
-5.44318530800002,0.744643119423252
-5.43318530800002,0.751280404598822
-5.42318530800002,0.757842562359996
-5.41318530800002,0.764328936496469
-5.40318530800002,0.77073887837623
-5.39318530800002,0.777071747010434
-5.38318530800002,0.783326909117494
-5.37318530800002,0.789503739186413
-5.36318530800002,0.795601619539331
-5.35318530800002,0.801619940393294
-5.34318530800002,0.807558099921232
-5.33318530800002,0.813415504312141
-5.32318530800002,0.819191567830463
-5.31318530800002,0.824885712874659
-5.30318530800002,0.83049737003497
-5.29318530800002,0.836025978150356
-5.28318530800002,0.841470984364614
-5.27318530800002,0.846831844181658
-5.26318530800002,0.852108021519975
-5.25318530800002,0.857298988766228
-5.24318530800002,0.862404226828017
-5.23318530800002,0.867423225185792
-5.22318530800002,0.872355481943898
-5.21318530800002,0.87720050388077
-5.20318530800002,0.881957806498252
-5.19318530800002,0.886626914070047
-5.18318530800002,0.891207359689288
-5.17318530800002,0.895698685315231
-5.16318530800002,0.900100441819055
-5.15318530800002,0.904412189028778
-5.14318530800002,0.908633495773273
-5.13318530800002,0.912763939925382
-5.12318530800002,0.916803108444133
-5.11318530800003,0.92075059741604
-5.10318530800003,0.924606012095495
-5.09318530800003,0.928368966944242
-5.08318530800003,0.932039085669934
-5.07318530800003,0.935616001263755
-5.06318530800003,0.939099356037127
-5.05318530800003,0.942488801657476
-5.04318530800003,0.945783999183063
-5.03318530800003,0.948984619096883
-5.02318530800003,0.952090341339611
-5.01318530800003,0.955100855341611
-5.00318530800003,0.958015860053992
-4.99318530800003,0.960835063978711
-4.98318530800003,0.963558185197726
-4.97318530800003,0.966184951401183
-4.96318530800003,0.968715099914652
-4.95318530800003,0.971148377725389
-4.94318530800003,0.973484541507641
-4.93318530800003,0.975723357646977
-4.92318530800003,0.977864602263648
-4.91318530800003,0.979908061234977
-4.90318530800003,0.98185353021677
-4.89318530800003,0.98370081466375
-4.88318530800003,0.985449729849012
-4.87318530800003,0.987100100882494
-4.86318530800003,0.988651762728468
-4.85318530800003,0.990104560222044
-4.84318530800003,0.991458348084681
-4.83318530800003,0.992712990938723
-4.82318530800003,0.993868363320928
-4.81318530800003,0.994924349695023
-4.80318530800003,0.995880844463249
-4.79318530800003,0.996737751976926
-4.78318530800003,0.997494986546018
-4.77318530800003,0.998152472447699
-4.76318530800003,0.998710143933925
-4.75318530800003,0.999167945238014
-4.74318530800003,0.999525830580216
-4.73318530800003,0.999783764172296
-4.72318530800003,0.999941720221109
-4.71318530800003,0.999999682931181
-4.70318530800003,0.999957646506291
-4.69318530800003,0.999815615150045
-4.68318530800003,0.999573603065462
-4.67318530800003,0.999231634453547
-4.66318530800003,0.998789743510877
-4.65318530800003,0.998247974426178
-4.64318530800004,0.997606381375906
-4.63318530800004,0.996865028518834
-4.62318530800004,0.996023989989627
-4.61318530800004,0.995083349891438
-4.60318530800004,0.994043202287494
-4.59318530800004,0.992903651191688
-4.58318530800004,0.991664810558179
-4.57318530800004,0.990326804269999
-4.56318530800004,0.988889766126662
-4.55318530800004,0.987353839830784
-4.54318530800004,0.985719178973715
-4.53318530800004,0.983985947020179
-4.52318530800004,0.982154317291926
-4.51318530800004,0.980224472950404
-4.50318530800004,0.978196606978437
-4.49318530800004,0.976070922160933
-4.48318530800004,0.973847631064604
-4.47318530800004,0.971526956016704
-4.46318530800004,0.969109129082806
-4.45318530800004,0.966594392043589
-4.44318530800004,0.963982996370659
-4.43318530800004,0.961275203201409
-4.42318530800004,0.958471283312899
-4.41318530800004,0.95557151709478
-4.40318530800004,0.95257619452126
-4.39318530800004,0.949485615122098
-4.38318530800004,0.946300087952659
-4.37318530800004,0.943019931563006
-4.36318530800004,0.939645473966043
-4.35318530800004,0.93617705260472
-4.34318530800004,0.93261501431828
-4.33318530800004,0.928959715307586
-4.32318530800004,0.925211521099492
-4.31318530800004,0.921370806510294
-4.30318530800004,0.917437955608252
-4.29318530800004,0.913413361675178
-4.28318530800004,0.909297427167112
-4.27318530800004,0.905090563674075
-4.26318530800004,0.900793191878909
-4.25318530800004,0.896405741515215
-4.24318530800004,0.891928651324371
-4.23318530800004,0.887362369011666
-4.22318530800004,0.882707351201526
-4.21318530800004,0.877964063391853
-4.20318530800004,0.873132979907475
-4.19318530800004,0.868214583852715
-4.18318530800004,0.863209367063079
-4.17318530800005,0.858117830056076
-4.16318530800005,0.852940481981163
-4.15318530800005,0.847677840568833
-4.14318530800005,0.842330432078842
-4.13318530800005,0.836898791247583
-4.12318530800005,0.831383461234612
-4.11318530800005,0.825784993568335
-4.10318530800005,0.820103948090854
-4.09318530800005,0.81434089290198
-4.08318530800005,0.808496404302432
-4.07318530800005,0.802571066736198
-4.06318530800005,0.796565472732098
-4.05318530800005,0.790480222844527
-4.04318530800005,0.784315925593403
-4.03318530800005,0.778073197403314
-4.02318530800005,0.771752662541876
-4.01318530800005,0.76535495305731
-4.00318530800005,0.758880708715231
-3.99318530800005,0.75233057693468
-3.98318530800005,0.745705212723375
-3.97318530800005,0.739005278612216
-3.96318530800005,0.732231444589033
-3.95318530800005,0.725384388031581
-3.94318530800005,0.718464793639811
-3.93318530800005,0.711473353367395
-3.92318530800005,0.704410766352535
-3.91318530800005,0.697277738848047
-3.90318530800005,0.690074984150738
-3.89318530800005,0.682803222530073
-3.88318530800005,0.675463181156157
-3.87318530800005,0.668055594027008
-3.86318530800005,0.660581201895169
-3.85318530800005,0.653040752193622
-3.84318530800005,0.645434998961055
-3.83318530800005,0.637764702766452
-3.82318530800005,0.630030630633042
-3.81318530800005,0.622233555961592
-3.80318530800005,0.614374258453072
-3.79318530800005,0.606453524030684
-3.78318530800005,0.598472144761268
-3.77318530800005,0.590430918776102
-3.76318530800005,0.582330650191083
-3.75318530800005,0.574172149026318
-3.74318530800005,0.565956231125126
-3.73318530800005,0.557683718072449
-3.72318530800005,0.549355437112701
-3.71318530800005,0.540972221067036
-3.70318530800006,0.532534908250073
-3.69318530800006,0.524044342386062
-3.68318530800006,0.515501372524515
-3.67318530800006,0.506906852955299
-3.66318530800006,0.498261643123208
-3.65318530800006,0.489566607542021
-3.64318530800006,0.480822615708051
-3.63318530800006,0.472030542013194
-3.62318530800006,0.463191265657494
-3.61318530800006,0.454305670561219
-3.60318530800006,0.445374645276475
-3.59318530800006,0.436399082898348
-3.58318530800006,0.427379880975595
-3.57318530800006,0.418317941420894
-3.56318530800006,0.409214170420647
-3.55318530800006,0.40006947834437
-3.54318530800006,0.390884779653647
-3.53318530800006,0.381660992810696
-3.52318530800006,0.372399040186514
-3.51318530800006,0.363099847968644
-3.50318530800006,0.35376434606856
-3.49318530800006,0.344393468028671
-3.48318530800006,0.334988150928973
-3.47318530800006,0.325549335293338
-3.46318530800006,0.316077964995464
-3.45318530800006,0.306574987164488
-3.44318530800006,0.297041352090274
-3.43318530800006,0.287478013128384
-3.42318530800006,0.277885926604746
-3.41318530800006,0.268266051720018
-3.40318530800006,0.258619350453673
-3.39318530800006,0.248946787467797
-3.38318530800006,0.23924933001063
-3.37318530800006,0.229527947819835
-3.36318530800006,0.219783613025531
-3.35318530800006,0.210017300053077
-3.34318530800006,0.200229985525631
-3.33318530800006,0.190422648166491
-3.32318530800006,0.180596268701219
-3.31318530800006,0.170751829759573
-3.30318530800006,0.160890315777244
-3.29318530800006,0.151012712897412
-3.28318530800006,0.141120008872134
-3.27318530800006,0.131213192963568
-3.26318530800006,0.12129325584505
-3.25318530800006,0.111361189502025
-3.24318530800006,0.10141798713285
-3.23318530800007,0.0914646430494766
-3.22318530800007,0.0815021525780185
-3.21318530800007,0.0715315119592209
-3.20318530800007,0.0615537182488368
-3.19318530800007,0.0515697692179223
-3.18318530800007,0.0415806632530608
-3.17318530800007,0.0315873992565244
-3.16318530800007,0.021590976546385
-3.15318530800007,0.0115923947565835
-3.14318530800007,0.00159265373696656
-3.13318530800007,-0.00840724654669684
-3.12318530800007,-0.0184063061127116
-3.11318530800007,-0.0284035250634536
-3.10318530800007,-0.0383979036853588
-3.09318530800007,-0.0483884425488936
-3.08318530800007,-0.0583741426084971
-3.07318530800007,-0.0683540053024847
-3.06318530800007,-0.0783270326529035
-3.05318530800007,-0.0882922273653294
-3.04318530800007,-0.0982485929285953
-3.03318530800007,-0.108195133714442
-3.02318530800007,-0.118130855077079
-3.01318530800007,-0.128054763452651
-3.00318530800007,-0.13796586645859
-2.99318530800007,-0.147863172992854
-2.98318530800007,-0.157745693333037
-2.97318530800007,-0.167612439235341
-2.96318530800007,-0.177462424033399
-2.95318530800007,-0.187294662736938
-2.94318530800007,-0.197108172130282
-2.93318530800007,-0.206901970870668
-2.92318530800007,-0.216675079586386
-2.91318530800007,-0.226426520974707
-2.90318530800007,-0.236155319899619
-2.89318530800007,-0.245860503489336
-2.88318530800007,-0.255541101233587
-2.87318530800007,-0.265196145080665
-2.86318530800007,-0.274824669534231
-2.85318530800007,-0.284425711749863
-2.84318530800007,-0.293998311631341
-2.83318530800007,-0.303541511926654
-2.82318530800007,-0.313054358323724
-2.81318530800007,-0.32253589954584
-2.80318530800007,-0.331985187446781
-2.79318530800007,-0.341401277105629
-2.78318530800007,-0.350783226921268
-2.77318530800008,-0.360130098706533
-2.76318530800008,-0.369440957782034
-2.75318530800008,-0.378714873069624
-2.74318530800008,-0.387950917185502
-2.73318530800008,-0.397148166532952
-2.72318530800008,-0.406305701394705
-2.71318530800008,-0.415422606024905
-2.70318530800008,-0.424497968740687
-2.69318530800008,-0.433530882013342
-2.68318530800008,-0.442520442559071
-2.67318530800008,-0.451465751429309
-2.66318530800008,-0.460365914100624
-2.65318530800008,-0.469220040564167
-2.64318530800008,-0.478027245414668
-2.63318530800008,-0.486786647938983
-2.62318530800008,-0.495497372204158
-2.61318530800008,-0.504158547145026
-2.60318530800008,-0.512769306651309
-2.59318530800008,-0.521328789654235
-2.58318530800008,-0.529836140212633
-2.57318530800008,-0.53829050759854
-2.56318530800008,-0.54669104638226
-2.55318530800008,-0.555036916516916
-2.54318530800008,-0.56332728342245
-2.53318530800008,-0.57156131806908
-2.52318530800008,-0.579738197060202
-2.51318530800008,-0.587857102714732
-2.50318530800008,-0.59591722314887
-2.49318530800008,-0.603917752357288
-2.48318530800008,-0.611857890293734
-2.47318530800008,-0.619736842951031
-2.46318530800008,-0.627553822440478
-2.45318530800008,-0.635308047070641
-2.44318530800008,-0.642998741425518
-2.43318530800008,-0.650625136442084
-2.42318530800008,-0.658186469487191
-2.41318530800008,-0.665681984433836
-2.40318530800008,-0.673110931736771
-2.39318530800008,-0.680472568507456
-2.38318530800008,-0.687766158588349
-2.37318530800008,-0.694990972626519
-2.36318530800008,-0.702146288146585
-2.35318530800008,-0.709231389622955
-2.34318530800008,-0.716245568551388
-2.33318530800008,-0.723188123519834
-2.32318530800008,-0.730058360278584
-2.31318530800008,-0.736855591809685
-2.30318530800009,-0.74357913839565
-2.29318530800009,-0.750228327687422
-2.28318530800009,-0.756802494771614
-2.27318530800009,-0.763300982236996
-2.26318530800009,-0.769723140240235
-2.25318530800009,-0.776068326570885
-2.24318530800009,-0.782335906715599
-2.23318530800009,-0.788525253921586
-2.22318530800009,-0.794635749259282
-2.21318530800009,-0.800666781684247
-2.20318530800009,-0.806617748098264
-2.19318530800009,-0.81248805340965
-2.18318530800009,-0.818277110592767
-2.17318530800009,-0.823984340746719
-2.16318530800009,-0.829609173153248
-2.15318530800009,-0.835151045333801
-2.14318530800009,-0.840609403105777
-2.13318530800009,-0.845983700637947
-2.12318530800009,-0.851273400505038
-2.11318530800009,-0.856477973741471
-2.10318530800009,-0.861596899894259
-2.09318530800009,-0.866629667075052
-2.08318530800009,-0.871575772011328
-2.07318530800009,-0.876434720096712
-2.06318530800009,-0.881206025440447
-2.05318530800009,-0.885889210915973
-2.04318530800009,-0.890483808208647
-2.03318530800009,-0.894989357862567
-2.02318530800009,-0.899405409326523
-2.01318530800009,-0.903731520999048
-2.00318530800009,-0.90796726027258
-1.99318530800009,-0.912112203576722
-1.98318530800009,-0.916165936420597
-1.97318530800009,-0.9201280534343
-1.96318530800009,-0.923998158409429
-1.95318530800009,-0.927775864338714
-1.94318530800009,-0.931460793454709
-1.93318530800009,-0.935052577267573
-1.92318530800009,-0.938550856601918
-1.91318530800009,-0.941955281632726
-1.90318530800009,-0.945265511920331
-1.89318530800009,-0.948481216444462
-1.88318530800009,-0.951602073637348
-1.87318530800009,-0.954627771415869
-1.86318530800009,-0.957558007212768
-1.85318530800009,-0.960392488006909
-1.84318530800009,-0.963130930352574
-1.83318530800009,-0.965773060407809
-1.82318530800009,-0.968318613961812
-1.81318530800009,-0.970767336461349
-1.80318530800009,-0.973118983036209
-1.79318530800009,-0.975373318523696
-1.78318530800009,-0.977530117492138
-1.77318530800009,-0.979589164263437
-1.76318530800009,-0.981550252934631
-1.75318530800009,-0.983413187398488
-1.74318530800009,-0.985177781363113
-1.73318530800009,-0.98684385837058
-1.72318530800009,-0.988411251814578
-1.71318530800009,-0.989879804957067
-1.70318530800009,-0.991249370943958
-1.69318530800009,-0.992519812819793
-1.68318530800009,-0.993691003541443
-1.67318530800009,-0.994762825990812
-1.66318530800009,-0.995735172986548
-1.65318530800009,-0.996607947294761
-1.64318530800009,-0.99738106163875
-1.63318530800009,-0.998054438707722
-1.62318530800009,-0.998628011164533
-1.61318530800009,-0.999101721652415
-1.60318530800009,-0.999475522800713
-1.59318530800009,-0.999749377229625
-1.58318530800009,-0.999923257553936
-1.57318530800009,-0.999997146385758
-1.56318530800009,-0.999971036336269
-1.55318530800009,-0.999844930016454
-1.54318530800009,-0.999618840036837
-1.53318530800009,-0.999292789006231
-1.52318530800009,-0.998866809529465
-1.51318530800009,-0.998340944204132
-1.50318530800009,-0.997715245616326
-1.49318530800009,-0.996989776335386
-1.48318530800009,-0.996164608907634
-1.47318530800009,-0.995239825849126
-1.46318530800009,-0.994215519637396
-1.45318530800009,-0.993091792702213
-1.44318530800009,-0.991868757415334
-1.43318530800009,-0.990546536079268
-1.42318530800009,-0.989125260915046
-1.41318530800009,-0.987605074049001
-1.40318530800009,-0.985986127498553
-1.39318530800009,-0.984268583157007
-1.38318530800009,-0.982452612777367
-1.37318530800009,-0.980538397955156
-1.36318530800009,-0.978526130110263
-1.35318530800009,-0.976416010467795
-1.34318530800009,-0.974208250037957
-1.33318530800009,-0.971903069594952
-1.32318530800009,-0.969500699654905
-1.31318530800009,-0.967001380452807
-1.30318530800009,-0.964405361918495
-1.29318530800009,-0.96171290365166
-1.28318530800009,-0.958924274895885
-1.27318530800009,-0.95603975451172
-1.26318530800009,-0.953059630948802
-1.25318530800009,-0.949984202217003
-1.24318530800009,-0.946813775856632
-1.23318530800009,-0.943548668907685
-1.22318530800009,-0.940189207878135
-1.21318530800009,-0.936735728711286
-1.20318530800009,-0.933188576752176
-1.19318530800009,-0.929548106713046
-1.18318530800009,-0.925814682637865
-1.17318530800009,-0.921988677865929
-1.16318530800009,-0.918070474994529
-1.15318530800009,-0.914060465840685
-1.14318530800009,-0.909959051401972
-1.13318530800009,-0.905766641816415
-1.12318530800009,-0.90148365632148
-1.11318530800009,-0.897110523212146
-1.10318530800009,-0.892647679798081
-1.09318530800009,-0.888095572359907
-1.08318530800009,-0.883454656104573
-1.07318530800009,-0.878725395119839
-1.06318530800009,-0.873908262327862
-1.05318530800009,-0.869003739437906
-1.04318530800009,-0.864012316898174
-1.03318530800009,-0.85893449384676
-1.02318530800009,-0.853770778061738
-1.01318530800009,-0.848521685910383
-1.00318530800009,-0.843187742297536
-0.993185308000091,-0.837769480613113
-0.98318530800009,-0.832267442678767
-0.97318530800009,-0.826682178693708
-0.963185308000091,-0.821014247179679
-0.953185308000091,-0.815264214925108
-0.943185308000091,-0.80943265692843
-0.93318530800009,-0.803520156340583
-0.92318530800009,-0.7975273044067
-0.913185308000091,-0.791454700406981
-0.90318530800009,-0.785302951596764
-0.89318530800009,-0.779072673145805
-0.88318530800009,-0.772764488076755
-0.87318530800009,-0.766379027202867
-0.863185308000091,-0.759916929064905
-0.85318530800009,-0.753378839867299
-0.84318530800009,-0.746765413413519
-0.83318530800009,-0.740077311040701
-0.82318530800009,-0.733315201553508
-0.81318530800009,-0.726479761157253
-0.80318530800009,-0.719571673390281
-0.79318530800009,-0.71259162905561
-0.78318530800009,-0.705540326151858
-0.77318530800009,-0.69841846980344
-0.76318530800009,-0.691226772190054
-0.75318530800009,-0.68396595247547
-0.74318530800009,-0.676636736735608
-0.73318530800009,-0.669239857885934
-0.72318530800009,-0.66177605560817
-0.71318530800009,-0.654246076276324
-0.70318530800009,-0.646650672882053
-0.69318530800009,-0.638990604959367
-0.68318530800009,-0.631266638508676
-0.67318530800009,-0.623479545920188
-0.66318530800009,-0.615630105896672
-0.65318530800009,-0.60771910337559
-0.64318530800009,-0.599747329450602
-0.63318530800009,-0.591715581292456
-0.62318530800009,-0.583624662069276
-0.61318530800009,-0.575475380866241
-0.60318530800009,-0.56726855260468
-0.59318530800009,-0.559004997960581
-0.58318530800009,-0.550685543282523
-0.57318530800009,-0.542311020509039
-0.56318530800009,-0.533882267085428
-0.55318530800009,-0.525400125880009
-0.54318530800009,-0.516865445099835
-0.53318530800009,-0.50827907820587
-0.52318530800009,-0.499641883827649
-0.51318530800009,-0.490954725677412
-0.50318530800009,-0.482218472463735
-0.49318530800009,-0.473433997804659
-0.48318530800009,-0.464602180140329
-0.47318530800009,-0.455723902645153
-0.46318530800009,-0.446800053139481
-0.45318530800009,-0.437831524000826
-0.44318530800009,-0.428819212074631
-0.43318530800009,-0.419764018584576
-0.42318530800009,-0.410666849042464
-0.41318530800009,-0.40152861315767
-0.40318530800009,-0.392350224746166
-0.39318530800009,-0.383132601639145
-0.38318530800009,-0.373876665591236
-0.37318530800009,-0.36458334218833
-0.36318530800009,-0.355253560755025
-0.35318530800009,-0.345888254261687
-0.34318530800009,-0.336488359231163
-0.33318530800009,-0.327054815645121
-0.32318530800009,-0.31758856685006
-0.31318530800009,-0.30809055946297
-0.30318530800009,-0.298561743276674
-0.29318530800009,-0.289003071164852
-0.28318530800009,-0.279415498986749
-0.27318530800009,-0.269799985491592
-0.26318530800009,-0.260157492222719
-0.25318530800009,-0.25048898342142
-0.24318530800009,-0.24079542593052
-0.23318530800009,-0.231077789097689
-0.22318530800009,-0.221337044678512
-0.21318530800009,-0.211574166739314
-0.20318530800009,-0.201790131559754
-0.19318530800009,-0.191985917535195
-0.18318530800009,-0.182162505078871
-0.17318530800009,-0.17232087652384
-0.16318530800009,-0.162462016024757
-0.15318530800009,-0.152586909459456
-0.14318530800009,-0.142696544330365
-0.13318530800009,-0.132791909665754
-0.12318530800009,-0.122873995920836
-0.11318530800009,-0.112943794878721
-0.10318530800009,-0.103002299551237
-0.0931853080000898,-0.0930505040796328
-0.0831853080000898,-0.0830894036351627
-0.0731853080000898,-0.07311999431957
-0.0631853080000898,-0.0631432730654785
-0.0531853080000898,-0.0531602375366997
-0.0431853080000898,-0.0431718860284672
-0.0331853080000898,-0.0331792173676084
-0.0231853080000898,-0.023183230812662
-0.0131853080000898,-0.0131849259539537
-0.00318530800008979,-0.00318530261363739
0.00681469199991021,0.00681463925428588
0.0168146919999102,0.0168138996639626
0.0268146919999102,0.0268114786976844
0.0368146919999102,0.0368063766058793
0.0468146919999102,0.0467975939070855
0.0568146919999102,0.0567841314878988
0.0668146919999102,0.0667649907028833
0.0768146919999102,0.0767391734744348
0.0868146919999102,0.086705682392588
0.0968146919999102,0.0966635208147563
0.10681469199991,0.106611692965396
0.11681469199991,0.116549204035582
0.12681469199991,0.126475060282488
0.13681469199991,0.136388269128762
0.14681469199991,0.146287839261779
0.15681469199991,0.156172780732776
0.16681469199991,0.166042105055843
0.17681469199991,0.175894825306773
0.18681469199991,0.185729956221751
0.19681469199991,0.195546514295881
0.20681469199991,0.205343517881536
0.21681469199991,0.215119987286522
0.22681469199991,0.224874944872046
0.23681469199991,0.234607415150477
0.24681469199991,0.244316424882899
0.25681469199991,0.254001003176429
0.26681469199991,0.263660181581308
0.27681469199991,0.273292994187745
0.28681469199991,0.282898477722507
0.29681469199991,0.292475671645245
0.30681469199991,0.302023618244546
0.31681469199991,0.311541362733709
0.32681469199991,0.321027953346216
0.33681469199991,0.33048244143091
0.34681469199991,0.339903881546862
0.35681469199991,0.349291331557912
0.36681469199991,0.358643852726881
0.37681469199991,0.367960509809447
0.38681469199991,0.377240371147664
0.39681469199991,0.386482508763132
0.40681469199991,0.395685998449792
0.41681469199991,0.404849919866344
0.42681469199991,0.413973356628283
0.43681469199991,0.423055396399536
0.44681469199991,0.432095130983694
0.45681469199991,0.441091656414832
0.46681469199991,0.450044073047903
0.476814691999911,0.458951485648705
0.48681469199991,0.467813003483401
0.496814691999911,0.476627740407591
0.50681469199991,0.485394814954928
0.51681469199991,0.494113350425265
0.526814691999911,0.502782474972319
0.53681469199991,0.511401321690859
0.546814691999911,0.519969028703397
0.55681469199991,0.528484739246371
0.566814691999911,0.536947601755822
0.576814691999911,0.545356769952553
0.586814691999911,0.553711402926751
0.596814691999911,0.562010665222081
0.606814691999911,0.570253726919229
0.616814691999911,0.578439763718895
0.626814691999911,0.586567957024221
0.636814691999911,0.594637494022649
0.646814691999911,0.602647567767205
0.656814691999911,0.610597377257189
0.666814691999911,0.618486127518276
0.676814691999911,0.626313029682015
0.686814691999911,0.634077301064712
0.696814691999911,0.641778165245698
0.706814691999911,0.649414852144973
0.716814691999911,0.65698659810021
0.726814691999911,0.664492645943125
0.736814691999911,0.671932245075187
0.746814691999911,0.679304651542683
0.756814691999911,0.686609128111111
0.766814691999911,0.6938449443389
0.776814691999911,0.701011376650457
0.786814691999911,0.708107708408523
0.796814691999911,0.715133229985836
0.806814691999911,0.722087238836093
0.816814691999911,0.728969039564204
0.826814691999911,0.73577794399583
0.836814691999911,0.742513271246203
0.846814691999911,0.749174347788211
0.856814691999911,0.755760507519749
0.866814691999911,0.762271091830334
0.876814691999911,0.76870544966696
0.886814691999911,0.775062937599204
0.896814691999911,0.781342919883573
0.906814691999911,0.78754476852707
0.916814691999911,0.793667863349999
0.926814691999911,0.799711592047981
0.936814691999911,0.805675350253183
0.946814691999911,0.811558541594752
0.956814691999911,0.817360577758459
0.966814691999911,0.823080878545522
0.976814691999911,0.828718871930629
0.986814691999911,0.834273994119139
0.996814691999911,0.839745689603463
1.00681469199991,0.845133411218613
1.01681469199991,0.850436620196916
1.02681469199991,0.855654786221895
1.03681469199991,0.860787387481295
1.04681469199991,0.865833910719267
1.05681469199991,0.870793851287692
1.06681469199991,0.875666713196649
1.07681469199991,0.880452009164005
1.08681469199991,0.885149260664152
1.09681469199991,0.889757997975856
1.10681469199991,0.894277760229224
1.11681469199991,0.898708095451797
1.12681469199991,0.903048560613747
1.13681469199991,0.907298721672174
1.14681469199991,0.911458153614513
1.15681469199991,0.915526440501036
1.16681469199991,0.919503175506445
1.17681469199991,0.923387960960554
1.18681469199991,0.927180408388054
1.19681469199991,0.930880138547364
1.20681469199991,0.934486781468549
1.21681469199991,0.937999976490324
1.22681469199991,0.941419372296114
1.23681469199991,0.944744626949187
1.24681469199991,0.947975407926851
1.25681469199991,0.951111392153698
1.26681469199991,0.954152266033921
1.27681469199991,0.957097725482664
1.28681469199991,0.959947475956438
1.29681469199991,0.962701232482569
1.30681469199991,0.965358719687701
1.31681469199991,0.967919671825327
1.32681469199991,0.970383832802368
1.33681469199991,0.972750956204778
1.34681469199991,0.975020805322192
1.35681469199991,0.977193153171587
1.36681469199991,0.979267782519991
1.37681469199991,0.981244485906196
1.38681469199991,0.983123065661512
1.39681469199991,0.984903333929527
1.40681469199991,0.986585112684901
1.41681469199991,0.988168233751157
1.42681469199991,0.989652538817509
1.43681469199991,0.991037879454686
1.44681469199991,0.992324117129781
1.45681469199991,0.993511123220096
1.46681469199991,0.994598779026013
1.47681469199991,0.995586975782856
1.48681469199991,0.996475614671775
1.49681469199991,0.997264606829619
1.50681469199991,0.997953873357832
1.51681469199991,0.998543345330334
1.52681469199991,0.999032963800421
1.53681469199991,0.999422679806651
1.54681469199991,0.999712454377751
1.55681469199991,0.999902258536504
1.56681469199991,0.999992073302652
1.57681469199991,0.999981889694794
1.58681469199991,0.999871708731282
1.59681469199991,0.99966154143012
1.60681469199991,0.999351408807864
1.61681469199991,0.998941341877517
1.62681469199991,0.998431381645431
1.63681469199991,0.997821579107203
1.64681469199991,0.99711199524258
1.65681469199991,0.996302701009357
1.66681469199991,0.995393777336282
1.67681469199991,0.994385315114966
1.68681469199991,0.99327741519079
1.69681469199991,0.992070188352823
1.70681469199991,0.990763755322743
1.71681469199991,0.989358246742765
1.72681469199991,0.987853803162575
1.73681469199991,0.986250575025277
1.74681469199991,0.98454872265235
1.75681469199991,0.982748416227612
1.76681469199991,0.980849835780205
1.77681469199991,0.978853171166593
1.78681469199991,0.976758622051572
1.79681469199991,0.974566397888309
1.80681469199991,0.972276717897393
1.81681469199991,0.969889811044915
1.82681469199991,0.967405916019571
1.83681469199991,0.964825281208794
1.84681469199991,0.962148164673915
1.85681469199991,0.959374834124356
1.86681469199991,0.956505566890861
1.87681469199991,0.953540649897762
1.88681469199991,0.950480379634288
1.89681469199991,0.947325062124915
1.90681469199991,0.944075012898764
1.91681469199991,0.94073055695805
1.92681469199991,0.93729202874558
1.93681469199991,0.933759772111309
1.94681469199991,0.930134140277957
1.95681469199991,0.926415495805687
1.96681469199991,0.922604210555847
1.97681469199991,0.918700665653786
1.98681469199991,0.91470525145074
1.99681469199991,0.910618367484801
2.00681469199991,0.90644042244096
2.01681469199991,0.902171834110239
2.02681469199991,0.897813029347915
2.03681469199991,0.893364444030831
2.04681469199991,0.888826523013812
2.05681469199991,0.884199720085177
2.06681469199991,0.879484497921365
2.07681469199991,0.874681328040662
2.08681469199991,0.869790690756053
2.09681469199991,0.864813075127192
2.10681469199991,0.859748978911494
2.11681469199991,0.854598908514359
2.12681469199991,0.849363378938537
2.13681469199991,0.844042913732621
2.14681469199991,0.838638044938698
2.15681469199991,0.833149313039145
2.16681469199991,0.827577266902576
2.17681469199991,0.821922463728962
2.18681469199991,0.816185468993909
2.19681469199991,0.810366856392108
2.20681469199991,0.804467207779972
2.21681469199991,0.798487113117445
2.22681469199991,0.79242717040901
2.23681469199991,0.786287985643888
2.24681469199991,0.780070172735439
2.25681469199991,0.773774353459773
2.26681469199991,0.76740115739357
2.27681469199991,0.760951221851128
2.28681469199991,0.754425191820624
2.29681469199991,0.747823719899623
2.30681469199991,0.741147466229817
2.3168146919999,0.734397098431009
2.3268146919999,0.727573291534353
2.3368146919999,0.720676727914853
2.3468146919999,0.713708097223123
2.3568146919999,0.706668096316426
2.3668146919999,0.699557429188985
2.3768146919999,0.692376806901588
2.3868146919999,0.68512694751048
2.3968146919999,0.677808575995557
2.4068146919999,0.670422424187874
2.4168146919999,0.662969230696455
2.4268146919999,0.65544974083444
2.4368146919999,0.647864706544547
2.4468146919999,0.640214886323885
2.4568146919999,0.632501045148102
2.4668146919999,0.624723954394886
2.4768146919999,0.616884391766832
2.4868146919999,0.60898314121367
2.4968146919999,0.601020992853871
2.5068146919999,0.592998742895635
2.5168146919999,0.584917193557275
2.5268146919999,0.576777152986987
2.5368146919999,0.568579435182047
2.5468146919999,0.560324859907404
2.5568146919999,0.552014252613706
2.5668146919999,0.543648444354756
2.5768146919999,0.53522827170441
2.5868146919999,0.526754576672916
2.5968146919999,0.518228206622715
2.6068146919999,0.509650014183707
2.6168146919999,0.501020857167988
2.6268146919999,0.492341598484068
2.6368146919999,0.483613106050582
2.6468146919999,0.474836252709502
2.6568146919999,0.466011916138846
2.6668146919999,0.457140978764918
2.6768146919999,0.448224327674063
2.6868146919999,0.439262854523959
2.6968146919999,0.430257455454455
2.7068146919999,0.421209030997951
2.7168146919999,0.412118485989355
2.7268146919999,0.40298672947559
2.7368146919999,0.393814674624699
2.7468146919999,0.384603238634523
2.7568146919999,0.375353342640985
2.7668146919999,0.366065911625977
2.7768146919999,0.35674187432486
2.78681469199989,0.347382163133594
2.79681469199989,0.337987714015499
2.80681469199989,0.328559466407659
2.81681469199989,0.319098363126976
2.82681469199989,0.309605350275894
2.83681469199989,0.300081377147789
2.84681469199989,0.290527396132036
2.85681469199989,0.280944362618775
2.86681469199989,0.271333234903372
2.87681469199989,0.261694974090589
2.88681469199989,0.252030543998475
2.89681469199989,0.242340911061986
2.90681469199989,0.232627044236341
2.91681469199989,0.222889914900127
2.92681469199989,0.213130496758164
2.93681469199989,0.203349765744134
2.94681469199989,0.193548699922987
2.95681469199989,0.183728279393138
2.96681469199989,0.173889486188456
2.97681469199989,0.164033304180062
2.98681469199989,0.154160718977944
2.99681469199989,0.144272717832395
3.00681469199989,0.13437028953529
3.01681469199989,0.124454424321207
3.02681469199989,0.114526113768403
3.03681469199989,0.10458635069966
3.04681469199989,0.0946361290830018
3.05681469199989,0.0846764439322988
3.06681469199989,0.0747082912077661
3.07681469199989,0.0647326677163693
3.08681469199989,0.0547505710121445
3.09681469199989,0.0447629992964439
3.10681469199989,0.034770951318116
3.11681469199989,0.024775426273632
3.12681469199989,0.0147774237071667
3.13681469199989,0.00477794341064521
3.14681469199989,-0.00522201467623574
3.15681469199989,-0.0152214505660007
3.16681469199989,-0.0252193643233936
3.17681469199989,-0.0352147561653703
3.18681469199989,-0.0452066265610759
3.19681469199989,-0.0551939763317974
3.20681469199989,-0.0651758067508807
3.21681469199989,-0.0751511196436018
3.22681469199989,-0.0851189174869843
3.23681469199989,-0.0950782035095503
3.24681469199989,-0.105027981790997
3.25681469199988,-0.114967257361787
3.26681469199988,-0.124895036302647
3.27681469199988,-0.134810325843956
3.28681469199988,-0.144712134465022
3.29681469199988,-0.154599471993234
3.30681469199988,-0.16447134970308
3.31681469199988,-0.174326780415014
3.32681469199988,-0.184164778594179
3.33681469199988,-0.193984360448954
3.34681469199988,-0.203784544029337
3.35681469199988,-0.213564349325138
3.36681469199988,-0.223322798363975
3.37681469199988,-0.233058915309078
3.38681469199988,-0.242771726556865
3.39681469199988,-0.252460260834306
3.40681469199988,-0.262123549296046
3.41681469199988,-0.271760625621292
3.42681469199988,-0.281370526110442
3.43681469199988,-0.290952289781456
3.44681469199988,-0.300504958465951
3.45681469199988,-0.31002757690502
3.46681469199988,-0.319519192844753
3.47681469199988,-0.328978857131467
3.48681469199988,-0.338405623806616
3.49681469199988,-0.347798550201388
3.50681469199988,-0.357156697030971
3.51681469199988,-0.366479128488481
3.52681469199988,-0.37576491233854
3.53681469199988,-0.385013120010502
3.54681469199988,-0.394222826691306
3.55681469199988,-0.403393111417958
3.56681469199988,-0.412523057169629
3.57681469199988,-0.42161175095935
3.58681469199988,-0.430658283925318
3.59681469199988,-0.439661751421774
3.60681469199988,-0.448621253109471
3.61681469199988,-0.457535893045707
3.62681469199988,-0.466404779773918
3.63681469199988,-0.47522702641282
3.64681469199988,-0.484001750745102
3.65681469199988,-0.492728075305643
3.66681469199988,-0.501405127469259
3.67681469199988,-0.510032039537964
3.68681469199988,-0.51860794882774
3.69681469199988,-0.527131997754806
3.70681469199988,-0.535603333921371
3.71681469199988,-0.544021110200879
3.72681469199987,-0.552384484822717
3.73681469199987,-0.56069262145639
3.74681469199987,-0.568944689295161
3.75681469199987,-0.577139863139121
3.76681469199987,-0.585277323477715
3.77681469199987,-0.593356256571691
3.78681469199987,-0.601375854534472
3.79681469199987,-0.609335315412944
3.80681469199987,-0.617233843267653
3.81681469199987,-0.625070648252394
3.82681469199987,-0.632844946693201
3.83681469199987,-0.640555961166708
3.84681469199987,-0.648202920577893
3.85681469199987,-0.655785060237187
3.86681469199987,-0.663301621936944
3.87681469199987,-0.670751854027256
3.88681469199987,-0.678135011491123
3.89681469199987,-0.685450356018952
3.90681469199987,-0.692697156082386
3.91681469199987,-0.699874687007457
3.92681469199987,-0.706982231047055
3.93681469199987,-0.714019077452698
3.94681469199987,-0.720984522545609
3.95681469199987,-0.727877869787084
3.96681469199987,-0.734698429848144
3.97681469199987,-0.741445520678465
3.98681469199987,-0.748118467574587
3.99681469199987,-0.754716603247382
4.00681469199987,-0.761239267888782
4.01681469199987,-0.767685809237755
4.02681469199987,-0.774055582645541
4.03681469199987,-0.780347951140107
4.04681469199987,-0.786562285489847
4.05681469199987,-0.792697964266504
4.06681469199987,-0.798754373907313
4.07681469199987,-0.804730908776359
4.08681469199987,-0.810626971225133
4.09681469199987,-0.816441971652306
4.10681469199987,-0.822175328562679
4.11681469199987,-0.82782646862534
4.12681469199987,-0.833394826730991
4.13681469199987,-0.838879846048463
4.14681469199987,-0.844280978080394
4.15681469199987,-0.849597682718082
4.16681469199987,-0.854829428295493
4.17681469199987,-0.859975691642431
4.18681469199987,-0.865035958136849
4.19681469199987,-0.870009721756314
4.20681469199987,-0.874896485128609
4.21681469199986,-0.879695759581469
4.22681469199986,-0.884407065191448
4.23681469199986,-0.889029930831912
4.24681469199986,-0.893563894220148
4.25681469199986,-0.898008501963596
4.26681469199986,-0.902363309605186
4.27681469199986,-0.906627881667782
4.28681469199986,-0.910801791697732
4.29681469199986,-0.914884622307512
4.30681469199986,-0.918875965217462
4.31681469199986,-0.922775421296617
4.32681469199986,-0.92658260060262
4.33681469199986,-0.930297122420712
4.34681469199986,-0.933918615301808
4.35681469199986,-0.937446717099635
4.36681469199986,-0.940881075006956
4.37681469199986,-0.944221345590842
4.38681469199986,-0.947467194827016
4.39681469199986,-0.950618298133261
4.40681469199986,-0.953674340401873
4.41681469199986,-0.95663501603117
4.42681469199986,-0.959500028956057
4.43681469199986,-0.962269092677629
4.44681469199986,-0.964941930291822
4.45681469199986,-0.967518274517101
4.46681469199986,-0.969997867721191
4.47681469199986,-0.972380461946837
4.48681469199986,-0.974665818936604
4.49681469199986,-0.976853710156695
4.50681469199986,-0.978943916819813
4.51681469199986,-0.980936229907033
4.52681469199986,-0.982830450188706
4.53681469199986,-0.984626388244383
4.54681469199986,-0.986323864481755
4.55681469199986,-0.987922709154612
4.56681469199986,-0.989422762379821
4.57681469199986,-0.990823874153307
4.58681469199986,-0.992125904365062
4.59681469199986,-0.993328722813149
4.60681469199986,-0.994432209216726
4.61681469199986,-0.995436253228073
4.62681469199986,-0.996340754443623
4.63681469199986,-0.997145622414011
4.64681469199986,-0.997850776653109
4.65681469199986,-0.998456146646082
4.66681469199986,-0.998961671856433
4.67681469199986,-0.999367301732065
4.68681469199985,-0.999672995710327
4.69681469199985,-0.999878723222075
4.70681469199985,-0.999984463694731
4.71681469199985,-0.999990206554335
4.72681469199985,-0.999895951226606
4.73681469199985,-0.999701707136998
4.74681469199985,-0.999407493709759
4.75681469199985,-0.999013340365985
4.76681469199985,-0.998519286520683
4.77681469199985,-0.997925381578826
4.78681469199985,-0.997231684930412
4.79681469199985,-0.996438265944529
4.80681469199985,-0.995545203962414
4.81681469199985,-0.994552588289521
4.82681469199985,-0.99346051818659
4.83681469199985,-0.992269102859722
4.84681469199985,-0.990978461449456
4.85681469199985,-0.989588723018857
4.86681469199985,-0.988100026540611
4.87681469199985,-0.986512520883125
4.88681469199985,-0.984826364795642
4.89681469199985,-0.983041726892365
4.90681469199985,-0.981158785635597
4.91681469199985,-0.979177729317896
4.92681469199985,-0.977098756043241
4.93681469199985,-0.974922073707228
4.94681469199985,-0.972647899976277
4.95681469199985,-0.970276462265866
4.96681469199985,-0.967807997717789
4.97681469199985,-0.965242753176444
4.98681469199985,-0.962580985164148
4.99681469199985,-0.959822959855484
5.00681469199985,-0.956968953050684
5.01681469199985,-0.95401925014805
5.02681469199985,-0.950974146115415
5.03681469199985,-0.947833945460644
5.04681469199985,-0.944598962201186
5.05681469199985,-0.941269519832671
5.06681469199985,-0.937845951296562
5.07681469199985,-0.934328598946858
5.08681469199985,-0.930717814515865
5.09681469199985,-0.927013959079015
5.10681469199985,-0.923217403018767
5.11681469199985,-0.919328525987562
5.12681469199985,-0.915347716869863
5.13681469199985,-0.911275373743264
5.14681469199984,-0.907111903838684
5.15681469199984,-0.902857723499645
5.16681469199984,-0.898513258140634
5.17681469199984,-0.894078942204568
5.18681469199984,-0.889555219119345
5.19681469199984,-0.884942541253503
5.20681469199984,-0.880241369870986
5.21681469199984,-0.875452175085014
5.22681469199984,-0.870575435811074
5.23681469199984,-0.86561163971903
5.24681469199984,-0.860561283184355
5.25681469199984,-0.855424871238494
5.26681469199984,-0.85020291751836
5.27681469199984,-0.844895944214975
5.28681469199984,-0.839504482021246
5.29681469199984,-0.834029070078899
5.30681469199984,-0.828470255924567
5.31681469199984,-0.822828595435031
5.32681469199984,-0.817104652771641
5.33681469199984,-0.811299000323891
5.34681469199984,-0.805412218652189
5.35681469199984,-0.799444896429797
5.36681469199984,-0.793397630383963
5.37681469199984,-0.787271025236254
5.38681469199984,-0.781065693642078
5.39681469199984,-0.774782256129424
5.40681469199984,-0.768421341036806
5.41681469199984,-0.761983584450434
5.42681469199984,-0.755469630140601
5.43681469199984,-0.748880129497309
5.44681469199984,-0.742215741465133
5.45681469199984,-0.735477132477322
5.46681469199984,-0.728664976389158
5.47681469199984,-0.721779954410574
5.48681469199984,-0.71482275503803
5.49681469199984,-0.707794073985666
5.50681469199984,-0.70069461411573
5.51681469199984,-0.693525085368293
5.52681469199984,-0.686286204690254
5.53681469199984,-0.67897869596365
5.54681469199984,-0.671603289933263
5.55681469199984,-0.66416072413355
5.56681469199984,-0.65665174281489
5.57681469199984,-0.649077096869155
5.58681469199984,-0.64143754375463
5.59681469199984,-0.633733847420259
5.60681469199984,-0.625966778229255
5.61681469199983,-0.618137112882066
5.62681469199983,-0.610245634338701
5.63681469199983,-0.602293131740439
5.64681469199983,-0.594280400330912
5.65681469199983,-0.586208241376583
5.66681469199983,-0.578077462086623
5.67681469199983,-0.569888875532183
5.68681469199983,-0.561643300565096
5.69681469199983,-0.553341561735987
5.70681469199983,-0.54498448921182
5.71681469199983,-0.536572918692885
5.72681469199983,-0.528107691329223
5.73681469199983,-0.519589653636517
5.74681469199983,-0.511019657411437
5.75681469199983,-0.502398559646463
5.76681469199983,-0.49372722244419
5.77681469199983,-0.48500651293111
5.78681469199983,-0.476237303170907
5.79681469199983,-0.467420470077251
5.80681469199983,-0.458556895326102
5.81681469199983,-0.449647465267551
5.82681469199983,-0.440693070837177
5.83681469199983,-0.431694607466963
5.84681469199983,-0.422652974995747
5.85681469199983,-0.41356907757924
5.86681469199983,-0.404443823599616
5.87681469199983,-0.395278125574667
5.88681469199983,-0.386072900066558
5.89681469199983,-0.376829067590168
5.90681469199983,-0.367547552521043
5.91681469199983,-0.358229283002954
5.92681469199983,-0.348875190855088
5.93681469199983,-0.339486211478865
5.94681469199983,-0.330063283764399
5.95681469199983,-0.320607349996607
5.96681469199983,-0.311119355760988
5.97681469199983,-0.301600249849059
5.98681469199983,-0.292050984163477
5.99681469199983,-0.282472513622853
6.00681469199983,-0.272865796066261
6.01681469199983,-0.263231792157449
6.02681469199983,-0.25357146528878
6.03681469199983,-0.243885781484892
6.04681469199983,-0.234175709306092
6.05681469199983,-0.224442219751508
6.06681469199983,-0.214686286161983
6.07681469199983,-0.204908884122746
6.08681469199982,-0.195110991365854
6.09681469199982,-0.185293587672418
6.10681469199982,-0.175457654774625
6.11681469199982,-0.165604176257569
6.12681469199982,-0.15573413746089
6.13681469199982,-0.145848525380242
6.14681469199982,-0.135948328568597
6.15681469199982,-0.126034537037385
6.16681469199982,-0.116108142157498
6.17681469199982,-0.106170136560151
6.18681469199982,-0.0962215140376236
6.19681469199982,-0.0862632694438764
6.20681469199982,-0.0762963985950705
6.21681469199982,-0.0663218981699853
6.22681469199982,-0.0563407656103512
6.23681469199982,-0.0463539990211065
6.24681469199982,-0.0363625970705879
6.25681469199982,-0.0263675588906643
6.26681469199982,-0.0163698839768245
6.27681469199982,-0.00637057208822861
